Question [Natural],SQL
List all the papers IDs,SELECT DISTINCT PaperID_AuthID.PaperID FROM PaperID_AuthID;
List all the authors IDs,SELECT DISTINCT PaperID_AuthID.AuthID FROM PaperID_AuthID;
List all the papers which are written by author of authorID '$AuthID$'.,SELECT DISTINCT PaperID_AuthID.PaperID FROM PaperID_AuthID WHERE PaperID_AuthID.AuthID='$AuthID$';
What are the papers written by '$AuthID$'?,SELECT DISTINCT PaperID_AuthID.PaperID FROM PaperID_AuthID WHERE PaperID_AuthID.AuthID='$AuthID$';
How many papers are written by Author ID '$AuthID$'?,SELECT DISTINCT COUNT(*) FROM PaperID_AuthID WHERE PaperID_AuthID.AuthID='$AuthID$';
List all the authors who contributed to paper '$PaperID$',SELECT DISTINCT PaperID_AuthID.AuthID FROM PaperID_AuthID WHERE PaperID_AuthID.PaperID= '$PaperID$';
How many authors contributed to paper '$PaperID$',SELECT DISTINCT COUNT(*) FROM PaperID_AuthID WHERE PaperID_AuthID.PaperID= '$PaperID$';
List all the authors for '$PaperID$',SELECT DISTINCT PaperID_AuthID.AuthID FROM PaperID_AuthID WHERE PaperID_AuthID.PaperID= '$PaperID$';
What is the number of Authors of Paper ID '$PaperID$',SELECT DISTINCT COUNT(*) FROM PaperID_AuthID WHERE PaperID_AuthID.PaperID= '$PaperID$';
List all the papers with FieldID '$FieldID$',SELECT DISTINCT PaperID_FieldID.PaperID FROM PaperID_FieldID WHERE PaperID_FieldID.FieldID='$FieldID$';
What are the papers associated with FieldID '$FieldID$' ?,SELECT DISTINCT PaperID_FieldID.PaperID FROM PaperID_FieldID WHERE PaperID_FieldID.FieldID='$FieldID$';
Count all the papers associated with FieldID '$FieldID$'.,SELECT DISTINCT COUNT(*) FROM PaperID_FieldID WHERE PaperID_FieldID.FieldID='$FieldID$';
List all the Field IDs.,SELECT DISTINCT PaperID_FieldID.FieldID FROM PaperID_FieldID;
List all the Field IDs associated with paperID '$PaperID$'.,SELECT DISTINCT PaperID_FieldID.FieldID FROM PaperID_FieldID WHERE PaperID_FieldID.PaperID='$PaperID$';
What are the Fields associated with paperID '$PaperID$'?,SELECT DISTINCT PaperID_FieldID.FieldID FROM PaperID_FieldID WHERE PaperID_FieldID.PaperID='$PaperID$';
Count the number of Fields associated with paperID '$PaperID$',SELECT DISTINCT COUNT(*) FROM PaperID_FieldID WHERE PaperID_FieldID.PaperID='$PaperID$';
List all the summaries of all the papers ,SELECT DISTINCT PaperID_Summary.Summary from PaperID_Summary;
what is the summary of paper with paperID '$PaperID$' ?,SELECT DISTINCT PaperID_Summary.Summary from PaperID_Summary WHERE PaperID_Summary.PaperID='$PaperID$';
Print summary of paper ID '$PaperID$',SELECT DISTINCT PaperID_Summary.Summary from PaperID_Summary WHERE PaperID_Summary.PaperID='$PaperID$';
List titles of all the papers,SELECT DISTINCT PaperID_Title.Title FROM PaperID_Title;
List titles of all the papers with corresponding paperID,"SELECT DISTINCT PaperID_Title.PaperID,PaperID_Title.Title FROM PaperID_Title;"
What is title of the paper with PaperID '$PaperID$'?,SELECT DISTINCT PaperID_Title.Title FROM PaperID_Title WHERE PaperID_Title.PaperID='$PaperID$';
What is Paper ID of the paper with title '$Title$'?,SELECT DISTINCT PaperID_Title.PaperID FROM PaperID_Title WHERE PaperID_Title.Title='$Title$';
List all the Paper IDs of the paper with title starting with '$Title$'^?,SELECT DISTINCT PaperID_Title.PaperID FROM PaperID_Title WHERE PaperID_Title.Title LIKE '$Title$^%';
List all the affliates located in $Place$,SELECT DISTINCT AffiliationID_Place_Affiliation.Affiliate FROM AffiliationID_Place_Affiliation WHERE AffiliationID_Place_Affiliation.Place LIKE '%$Place$%';
How many affliates are located in $Place$,SELECT DISTINCT COUNT(*) FROM AffiliationID_Place_Affiliation WHERE AffiliationID_Place_Affiliation.Place LIKE '%$Place$%;
List all the affliates that contain '$Affiliate$'-,SELECT DISTINCT AffiliationID_Place_Affiliation.Affiliate FROM AffiliationID_Place_Affiliation WHERE AffiliationID_Place_Affiliation.Affiliate LIKE '%$Affiliate$-%';
Count all the affliates that contain '$Affiliate$'-,SELECT DISTINCT COUNT(*) FROM AffiliationID_Place_Affiliation WHERE AffiliationID_Place_Affiliation.Affiliate LIKE '%$Affiliate$-%';
What is the name of affiliate with ID $AffiliationID$ and where it is located,"SELECT DISTINCT AffiliationID_Place_Affiliation.Affiliate,AffiliationID_Place_Affiliation.Place FROM AffiliationID_Place_Affiliation WHERE AffiliationID_Place_Affiliation.AffiliationID='$AffiliationID$';"
Where is affiliate '$Affiliate$' loacted?,SELECT DISTINCT AffiliationID_Place_Affiliation.Place FROM AffiliationID_Place_Affiliation WHERE AffiliationID_Place_Affiliation.Affiliate LIKE '$Affiliate$;
List all authids with $AffiliationID$,SELECT DISTINCT AuthID_AffiliationID.AuthID FROM AuthID_AffiliationID WHERE AuthID_AffiliationID.AffiliationID='$AffiliationID$';
Count all authids with $AffiliationID$,SELECT DISTINCT COUNT(*) FROM AuthID_AffiliationID WHERE AuthID_AffiliationID.AffiliationID='$AffiliationID$';
List the number of authors affiliated with each affiliate which have more than $X$ authors.,"SELECT DISTINCT COUNT(*),AuthID_AffiliationID.AffiliationID FROM AuthID_AffiliationID GROUP BY AuthID_AffiliationID.AffiliationID HAVING Count(*) > $X$ ORDER BY COUNT(*) DESC;"
List the number of authors affiliated with each affiliate.,"SELECT DISTINCT COUNT(*),AuthID_AffiliationID.AffiliationID FROM AuthID_AffiliationID GROUP BY AuthID_AffiliationID.AffiliationID ORDER BY COUNT(*);"
Give the affiliation ID of '$AuthID$' ,SELECT DISTINCT AuthID_AffiliationID.AffiliationID FROM AuthID_AffiliationID WHERE AuthID_AffiliationID.AuthID='$AuthID$';
Give the list of author IDs in the field with the ID '$FieldID$',SELECT DISTINCT AuthID_FieldID.AuthID FROM AuthID_FieldID WHERE AuthID_FieldID.FieldID='$FieldID$';
Give number of authorids in field with '$FieldID$',SELECT DISTINCT COUNT(*) FROM AuthID_FieldID WHERE AuthID_FieldID.FieldID='$FieldID$';
List fields with the number of authors who work in it in ascending order.,"SELECT DISTINCT AuthID_FieldID.FieldID,COUNT(*) FROM AuthID_FieldID GROUP BY AuthID_FieldID.FieldID ORDER BY COUNT(*) ASC;"
List fields having greater than $Z$ authors in ascending order.,SELECT DISTINCT AuthID_FieldID.FieldID FROM AuthID_FieldID GROUP BY AuthID_FieldID.FieldID HAVING COUNT(*) > $Z$ ORDER BY COUNT(*) ASC;
List authorids which work in more than $W$ fields in ascending order.,SELECT DISTINCT AuthID_FieldID.AuthID FROM AuthID_FieldID GROUP BY AuthID_FieldID.AuthID HAVING COUNT(*)>$W$ ORDER BY COUNT(*) ASC;
What is the Name of the Author with ID '$AuthID$' ?,SELECT DISTINCT AuthID_Name.Name FROM AuthID_Name WHERE AuthID_Name.AuthID='$AuthID$';
Name the author whose ID is '$AuthID$',SELECT DISTINCT AuthID_Name.Name FROM AuthID_Name WHERE AuthID_Name.AuthID='$AuthID$';
What is the ID of the Author whose name is '$Name$' ?,SELECT DISTINCT AuthID_Name.AuthID FROM AuthID_Name WHERE AuthID_Name.Name='$Name$';
List the Authors whose name begin with '$Name$'^ ?,SELECT DISTINCT AuthID_Name.AuthID FROM AuthID_Name WHERE AuthID_Name.Name='$Name$'^';
What are the IDs of the Authors whose name begin with '$Name$'^ ?,SELECT DISTINCT AuthID_Name.AuthID FROM AuthID_Name WHERE AuthID_Name.Name LIKE '$Name$'^%';
How many author have name which begins with '$Name$'^ ?,SELECT DISTINCT COUNT(*) FROM AuthID_Name WHERE AuthID_Name.Name LIKE '$Name$'^%';
How many author have name which contains with '$Name$'& ?,SELECT DISTINCT COUNT(*) FROM AuthID_Name WHERE AuthID_Name.Name LIKE '%'$Name$'&%';
How many number of papers have been published in the conference '$ConfID$'?,SELECT DISTINCT COUNT(*) FROM ConfID_PaperID WHERE ConfID_PaperID.ConfID='$ConfID$';
List all the Conference ID with more than $X$ Papers,SELECT DISTINCT ConfID_PaperID.ConfID FROM ConfID_PaperID GROUP BY ConfID_PaperID.ConfID HAVING COUNT(*)>$X$;
What is the Conference ID of the conference in which paper of the id '$PaperID$' was published?,SELECT DISTINCT ConfID_PaperID.ConfID FROM ConfID_PaperID WHERE ConfID_PaperID.PaperID='$PaperID$';
List the paper ID of the all the paper which in the conference with ID '$ConfID$',SELECT DISTINCT ConfID_PaperID.PaperID FROM ConfID_PaperID WHERE ConfID_PaperID.ConfID='$ConfID';
How many number of papers have been published with the ID that starts with '$PaperID$'^?,SELECT DISTINCT COUNT(*) FROM ConfID_PaperID WHERE ConfID_PaperID.PaperID LIKE '$PaperID$^%';
How many number of conference have been conducted in the field '$FieldID$'?,SELECT DISTINCT COUNT(*) FROM ConfID_FieldID WHERE ConfID_FieldID.FieldID='$FieldID$';
List all the conference which has beeen conducted in the field with ID '$FieldID$',SELECT DISTINCT ConfID_FieldID.ConfID FROM ConfID_FieldID WHERE ConfID_FieldID.FieldID='$FieldID$';
List all the Field ID with more than $Y$ conferences,SELECT DISTINCT ConfID_FieldID.FieldID FROM ConfID_FieldID GROUP BY ConfID_FieldID.FieldID HAVING COUNT(*)>$Y$;
What is the Field ID in which the conference with ID '$ConfID$' is conducted?,SELECT DISTINCT ConfID_FieldID.FieldID FROM ConfID_FieldID WHERE ConfID_FieldID.ConfID='$ConfID$';
How many number of conference have ID that starts with '$ConfID$'^?,SELECT DISTINCT COUNT(*) FROM ConfID_FieldID WHERE ConfID_FieldID.ConfID LIKE '$ConfID$^%';
List all the venues where the papers are presented,SELECT DISTINCT ConfID_Venue_Year.Venue FROM ConfID_Venue_Year;
How many total conferences have been held at '$Venue$'?,SELECT DISTINCT COUNT(*) FROM ConfID_Venue_Year WHERE ConfID_Venue_Year.Venue='$Venue$';
How many total conferences are held in the year $Year$?,SELECT DISTINCT COUNT(*) FROM ConfID_Venue_Year WHERE ConfID_Venue_Year.Year=$Year$;
What is the venue for the conference with the ID '$ConfID$'?,SELECT DISTINCT ConfID_Venue_Year.Venue FROM ConfID_Venue_Year WHERE ConfID_Venue_Year.ConfID='$ConfID$';
How many conferences held before $Year$?,SELECT DISTINCT COUNT(*) FROM ConfID_Venue_Year WHERE Year<$Year$;
How many conferences held after $Year$?,SELECT DISTINCT COUNT(*) FROM ConfID_Venue_Year WHERE Year>$Year$;
Which conference was held at '$Venue$' and in 1965?,SELECT DISTINCT ConfID_Venue_Year.ConfID FROM ConfID_Venue_Year WHERE ConfID_Venue_Year.Venue=$Venue$ AND ConfID_Venue_Year.Year=1965;
List the years in the order of the years with highest to lowest conferences.,SELECT DISTINCT ConfID_Venue_Year.Year FROM ConfID_Venue_Year GROUP BY ConfID_Venue_Year.Year ORDER BY COUNT(*) DESC;
List all the field IDs.,SELECT DISTINCT FieldID_Topic.FieldID FROM FieldID_Topic;
List all the topics.,SELECT DISTINCT FieldID_Topic.Topic FROM FieldID_Topic;
What is the field ID for the topic '$Topic$'?,SELECT DISTINCT FieldID_Topic.FieldID FROM FieldID_Topic WHERE FieldID_Topic.Topic='$Topic$';
Name the topic corresponding to the Field ID '$FieldID$'.,SELECT DISTINCT FieldID_Topic.Topic FROM FieldID_Topic WHERE FieldID_Topic.FieldID='$FieldID$';
How many topics are there?,SELECT DISTINCT COUNT(*) FROM FieldID_Topic;
How many total papers are published?,SELECT DISTINCT COUNT(*) FROM KeywordID_PaperID;
How many unique keyword IDs are present?,SELECT DISTINCT COUNT(DISTINCT KeywordID_PaperID.KeywordID) FROM KeywordID_PaperID;
Which papers have the keyword ID as $KeywordID$?,SELECT DISTINCT KeywordID_PaperID.PaperID FROM KeywordID_PaperID WHERE KeywordID_PaperID.KeywordID=$KeywordID$;
List the keyword IDs with Count from highest to lowest.,SELECT DISTINCT KeywordID_PaperID.KeywordID FROM KeywordID_PaperID GROUP BY KeywordID_PaperID.KeywordID ORDER BY COUNT(KeywordID_PaperID.KeywordID) DESC;
List the Affiliation of all the authors ?,"SELECT DISTINCT AffiliationID_Place_Affiliation.Affiliate,AuthID_Name.Name FROM AuthID_AffiliationID JOIN AuthID_Name ON AuthID_AffiliationID.AuthID=AuthID_Name.AuthID JOIN AffiliationID_Place_Affiliation ON AffiliationID_Place_Affiliation.AffiliationID=AuthID_AffiliationID.AffiliationID);"
List all the affiliation of the author '$Name$'.,SELECT DISTINCT AffiliationID_Place_Affiliation.Affiliate FROM AuthID_AffiliationID JOIN AuthID_Name ON AuthID_AffiliationID.AuthID=AuthID_Name.AuthID) JOIN AffiliationID_Place_Affiliation ON AffiliationID_Place_Affiliation.AffiliationID=AuthID_AffiliationID.AffiliationID WHERE AuthID_Name.Name='$Name$';
List all the authors of the affiliate '$Affiliate$'.,SELECT DISTINCT AuthID_Name.Name FROM AuthID_AffiliationID JOIN AuthID_Name ON AuthID_AffiliationID.AuthID=AuthID_Name.AuthID JOIN AffiliationID_Place_Affiliation ON AffiliationID_Place_Affiliation.AffiliationID=AuthID_AffiliationID.AffiliationID WHERE AffiliationID_Place_Affiliation.Affiliate='$Affiliate$';
How many authors does the '$Affiliate$' affiliate have?,SELECT DISTINCT COUNT(*) FROM AuthID_AffiliationID JOIN AuthID_Name ON AuthID_AffiliationID.AuthID=AuthID_Name.AuthID JOIN AffiliationID_Place_Affiliation ON AffiliationID_Place_Affiliation.AffiliationID=AuthID_AffiliationID.AffiliationID WHERE AffiliationID_Place_Affiliation.Affiliate='$Affiliate$' GROUP BY AffiliationID_Place_Affiliation.Affiliate;
How many affiliate has the author '$Name$' been related with?,SELECT DISTINCT COUNT(*) FROM AuthID_AffiliationID JOIN AuthID_Name ON AuthID_AffiliationID.AuthID=AuthID_Name.AuthID JOIN AffiliationID_Place_Affiliation ON AffiliationID_Place_Affiliation.AffiliationID=AuthID_AffiliationID.AffiliationID WHERE AuthID_Name.Name='$Name$' GROUP BY AuthID_Name.Name;
List all the authors from $Place$,SELECT DISTINCT AuthID_Name.Name FROM AuthID_AffiliationID JOIN AuthID_Name ON AuthID_AffiliationID.AuthID=AuthID_Name.AuthID JOIN AffiliationID_Place_Affiliation ON AffiliationID_Place_Affiliation.AffiliationID=AuthID_AffiliationID.AffiliationID WHERE AffiliationID_Place_Affiliation.Place='$Place$';
Which place is author '$Name$' from?,SELECT DISTINCT AffiliationID_Place_Affiliation.Place FROM AuthID_AffiliationID JOIN AuthID_Name ON AuthID_AffiliationID.AuthID=AuthID_Name.AuthID JOIN AffiliationID_Place_Affiliation ON AffiliationID_Place_Affiliation.AffiliationID=AuthID_AffiliationID.AffiliationID WHERE AuthID_Name.Name='$Name$';
How many authors are from $Place$?,SELECT DISTINCT COUNT(DISTINCT AuthID_Name.Name) FROM AuthID_AffiliationID JOIN AuthID_Name ON AuthID_AffiliationID.AuthID=AuthID_Name.AuthID JOIN AffiliationID_Place_Affiliation ON AffiliationID_Place_Affiliation.AffiliationID=AuthID_AffiliationID.AffiliationID WHERE AffiliationID_Place_Affiliation.Place='$Place$';
List all affiliates having more than $X$ authors.,SELECT DISTINCT AffiliationID_Place_Affiliation.Affiliate FROM AuthID_AffiliationID JOIN AuthID_Name ON AuthID_AffiliationID.AuthID=AuthID_Name.AuthID JOIN AffiliationID_Place_Affiliation ON AffiliationID_Place_Affiliation.AffiliationID=AuthID_AffiliationID.AffiliationID GROUP BY AffiliationID_Place_Affiliation.Affiliate HAVING COUNT(*)>$X$;
List all places having more than $X$ authors.,SELECT DISTINCT AffiliationID_Place_Affiliation.Place FROM AuthID_AffiliationID JOIN AuthID_Name ON AuthID_AffiliationID.AuthID=AuthID_Name.AuthID JOIN AffiliationID_Place_Affiliation ON AffiliationID_Place_Affiliation.AffiliationID=AuthID_AffiliationID.AffiliationID GROUP BY AffiliationID_Place_Affiliation.Place HAVING COUNT(*)>$X$;
How many different field does the affiliate '$Affiliate$' work on?,SELECT DISTINCT COUNT(DISTINCT FieldID_Topic.Topic) FROM AuthID_AffiliationID JOIN AuthID_FieldID ON AuthID_AffiliationID.AuthID=AuthID_FieldID.AuthID JOIN FieldID_Topic ON AuthID_FieldID.FieldID=FieldID_Topic.FieldID JOIN AffiliationID_Place_Affiliation ON AffiliationID_Place_Affiliation.AffiliationID=AuthID_AffiliationID.AffiliationID WHERE AffiliationID_Place_Affiliation.Affiliate='$Affiliate$' GROUP BY AffiliationID_Place_Affiliation.Affiliate;
What are the fields does the affiliate '$Affiliate$' work on?,SELECT DISTINCT FieldID_Topic.Topic FROM AuthID_AffiliationID JOIN AuthID_FieldID ON AuthID_AffiliationID.AuthID=AuthID_FieldID.AuthID JOIN FieldID_Topic ON AuthID_FieldID.FieldID=FieldID_Topic.FieldID JOIN AffiliationID_Place_Affiliation ON AffiliationID_Place_Affiliation.AffiliationID=AuthID_AffiliationID.AffiliationID WHERE AffiliationID_Place_Affiliation.Affiliate='$Affiliate$';
How many affiliates work on the field '$Topic$'?,SELECT DISTINCT COUNT(DISTINCT AffiliationID_Place_Affiliation.Affiliate) FROM AuthID_AffiliationID JOIN AuthID_FieldID ON AuthID_AffiliationID.AuthID=AuthID_FieldID.AuthID JOIN FieldID_Topic ON AuthID_FieldID.FieldID=FieldID_Topic.FieldID JOIN AffiliationID_Place_Affiliation ON AffiliationID_Place_Affiliation.AffiliationID=AuthID_AffiliationID.AffiliationID WHERE FieldID_Topic.Topic='$Topic$' GROUP BY FieldID_Topic.Topic;
List the affiliates which work on the field '$Topic$',SELECT DISTINCT AffiliationID_Place_Affiliation.Affiliate FROM AuthID_AffiliationID JOIN AuthID_FieldID ON AuthID_AffiliationID.AuthID=AuthID_FieldID.AuthID JOIN FieldID_Topic ON AuthID_FieldID.FieldID=FieldID_Topic.FieldID JOIN AffiliationID_Place_Affiliation ON AffiliationID_Place_Affiliation.AffiliationID=AuthID_AffiliationID.AffiliationID WHERE FieldID_Topic.Topic='$Topic$';
What are the fields does the affiliates in the place $Place$ work on?,SELECT DISTINCT FieldID_Topic.Topic FROM AuthID_AffiliationID JOIN AuthID_FieldID ON AuthID_AffiliationID.AuthID=AuthID_FieldID.AuthID JOIN FieldID_Topic ON AuthID_FieldID.FieldID=FieldID_Topic.FieldID JOIN AffiliationID_Place_Affiliation ON AffiliationID_Place_Affiliation.AffiliationID=AuthID_AffiliationID.AffiliationID WHERE AffiliationID_Place_Affiliation.Place='$Place$';
List the affiliates with the number of authors working on the field '$Topic$',"SELECT DISTINCT COUNT(*),AffiliationID_Place_Affiliation.Affiliate FROM AuthID_AffiliationID JOIN AuthID_FieldID ON AuthID_AffiliationID.AuthID=AuthID_FieldID.AuthID JOIN FieldID_Topic ON AuthID_FieldID.FieldID=FieldID_Topic.FieldID JOIN AffiliationID_Place_Affiliation ON AffiliationID_Place_Affiliation.AffiliationID=AuthID_AffiliationID.AffiliationID WHERE FieldID_Topic.Topic='$Topic$' GROUP BY AffiliationID_Place_Affiliation.Affiliate;"
List the author from affiliate '$Affiliate$' who work on the field 'Dialogue and Discourse',SELECT DISTINCT AuthID_Name.Name FROM AuthID_AffiliationID JOIN AuthID_FieldID ON AuthID_AffiliationID.AuthID=AuthID_FieldID.AuthID JOIN FieldID_Topic ON AuthID_FieldID.FieldID=FieldID_Topic.FieldID JOIN AffiliationID_Place_Affiliation ON AffiliationID_Place_Affiliation.AffiliationID=AuthID_AffiliationID.AffiliationID JOIN AuthID_Name ON AuthID_Name.AuthID=AuthID_AffiliationID.AuthID)WHERE FieldID_Topic.Topic='Dialogue and Discourse' AND AffiliationID_Place_Affiliation.Affiliate='$Affiliate$';
List the authors who on the field 'Dialogue and Discourse' and are from affiliate '$Affiliate$',SELECT DISTINCT AuthID_Name.Name FROM AuthID_AffiliationID JOIN AuthID_FieldID ON AuthID_AffiliationID.AuthID=AuthID_FieldID.AuthID JOIN FieldID_Topic ON AuthID_FieldID.FieldID=FieldID_Topic.FieldID JOIN AffiliationID_Place_Affiliation ON AffiliationID_Place_Affiliation.AffiliationID=AuthID_AffiliationID.AffiliationID JOIN AuthID_Name ON AuthID_Name.AuthID=AuthID_AffiliationID.AuthID WHERE FieldID_Topic.Topic='Dialogue and Discourse' AND AffiliationID_Place_Affiliation.Affiliate='$Affiliate$';
List the authors who on the field 'Dialogue and Discourse' and are from affiliate in the place $Place$,SELECT DISTINCT AuthID_Name.Name FROM AuthID_AffiliationID JOIN AuthID_FieldID ON AuthID_AffiliationID.AuthID=AuthID_FieldID.AuthID JOIN FieldID_Topic ON AuthID_FieldID.FieldID=FieldID_Topic.FieldID JOIN AffiliationID_Place_Affiliation ON AffiliationID_Place_Affiliation.AffiliationID=AuthID_AffiliationID.AffiliationID JOIN AuthID_Name ON AuthID_Name.AuthID=AuthID_AffiliationID.AuthID WHERE FieldID_Topic.Topic='Dialogue and Discourse' AND AffiliationID_Place_Affiliation.Place='$Place$';
List the title of the papers along with their summaries.,"SELECT DISTINCT PaperID_Title.Title,PaperID_Summary.Summary FROM PaperID_Title JOIN PaperID_Summary ON PaperID_Title.PaperID=PaperID_Summary.PaperID"
List the Author IDs along with the title of their research papers.,"SELECT DISTINCT PaperID_AuthID.AuthID,PaperID_Title.Title FROM PaperID_AuthID JOIN PaperID_Title ON PaperID_Title.PaperID=PaperID_AuthID.PaperID"
List the title of the papers published by the author with the Author ID '$AuthID$'.,SELECT DISTINCT PaperID_Title.Title FROM PaperID_AuthID JOIN PaperID_Title ON PaperID_Title.PaperID=PaperID_AuthID.PaperID WHERE PaperID_AuthID.AuthID='$AuthID$'
List the title of the papers published by '$Name$'.,SELECT DISTINCT PaperID_Title.Title FROM AuthID_Name JOIN PaperID_AuthID ON AuthID_Name.AuthID=PaperID_AuthID.AuthID JOIN PaperID_Title ON PaperID_Title.PaperID=PaperID_AuthID.PaperID WHERE AuthID_Name.Name='$Name$'
List the titles along with the summaries of the papers published by '$Name$',"SELECT DISTINCT PaperID_Title.Title,PaperID_Summary.Summary FROM AuthID_Name JOIN PaperID_AuthID ON AuthID_Name.AuthID=PaperID_AuthID.AuthID JOIN PaperID_Title ON PaperID_Title.PaperID=PaperID_AuthID.PaperID JOIN PaperID_Summary ON PaperID_Summary.PaperID=PaperID_Title.PaperID WHERE AuthID_Name.Name='$Name$'"
How many papers were published by '$Name$'?,SELECT DISTINCT COUNT(*) FROM AuthID_Name JOIN PaperID_AuthID ON AuthID_Name.AuthID=PaperID_AuthID.AuthID JOIN PaperID_Title ON PaperID_Title.PaperID=PaperID_AuthID.PaperID WHERE AuthID_Name.Name='$Name$'
What is the name of the author who published the paper with paper ID '$PaperID$'?,SELECT DISTINCT AuthID_Name.Name FROM AuthID_Name JOIN PaperID_AuthID ON AuthID_Name.AuthID=PaperID_AuthID.AuthID WHERE PaperID_AuthID.PaperID='$PaperID$'
List the name of the authors working in the field with field ID '$FieldID$'.,SELECT DISTINCT AuthID_Name.Name FROM AuthID_FieldID JOIN AuthID_Name ON AuthID_FieldID.AuthID=AuthID_Name.AuthID WHERE AuthID_FieldID.FieldID='$FieldID$'
List the field IDs of the papers published by '$Name$'.,SELECT DISTINCT AuthID_FieldID.FieldID FROM AuthID_FieldID JOIN AuthID_Name ON AuthID_FieldID.AuthID=AuthID_Name.AuthID WHERE AuthID_Name.Name='$Name$'
Which field topics do the papers published by '$Name$' belong to?,SELECT DISTINCT FieldID_Topic.Topic FROM FieldID_Topic JOIN AuthID_FieldID ON FieldID_Topic.FieldID=AuthID_FieldID.FieldID JOIN AuthID_Name ON AuthID_FieldID.AuthID=AuthID_Name.AuthID WHERE AuthID_Name.Name='$Name$'
List the title of the papers that come under the field topic '$Topic$'.,SELECT DISTINCT PaperID_Title.Title FROM PaperID_Title JOIN PaperID_AuthID ON PaperID_Title.PaperID=PaperID_AuthID.PaperID JOIN AuthID_FieldID ON PaperID_AuthID.AuthID=AuthID_FieldID.AuthID JOIN FieldID_Topic ON FieldID_Topic.FieldID=AuthID_FieldID.FieldID WHERE FieldID_Topic.Topic='$Topic$'
How many papers are published under the topic '$Topic$'?,SELECT DISTINCT COUNT(*) FROM PaperID_Title JOIN PaperID_AuthID ON PaperID_Title.PaperID=PaperID_AuthID.PaperID JOIN AuthID_FieldID ON PaperID_AuthID.AuthID=AuthID_FieldID.AuthID JOIN FieldID_Topic ON FieldID_Topic.FieldID=AuthID_FieldID.FieldID WHERE FieldID_Topic.Topic='$Topic$'
How many authors have published under the topic '$Topic$'?,SELECT DISTINCT COUNT(*) FROM AuthID_FieldID JOIN AuthID_Name ON AuthID_FieldID.AuthID=AuthID_Name.AuthID WHERE AuthID_FieldID.FieldID='$FieldID$'
List the title of the papers that come under the field with field ID '$FieldID$'.,SELECT DISTINCT PaperID_Title.Title FROM PaperID_Title JOIN PaperID_AuthID ON PaperID_Title.PaperID=PaperID_AuthID.PaperID JOIN AuthID_FieldID ON PaperID_AuthID.AuthID=AuthID_FieldID.AuthID WHERE AuthID_FieldID.FieldID='$FieldID$'
How many papers have been published under the field ID '$FieldID$'?,SELECT DISTINCT COUNT(*) FROM PaperID_Title JOIN PaperID_AuthID ON PaperID_Title.PaperID=PaperID_AuthID.PaperID JOIN AuthID_FieldID ON PaperID_AuthID.AuthID=AuthID_FieldID.AuthID WHERE AuthID_FieldID.FieldID='$FieldID$'
List the name of the authors of papers with the field ID '$FieldID$'.,SELECT DISTINCT(AuthID_Name.Name) FROM AuthID_Name JOIN PaperID_AuthID ON AuthID_Name.AuthID=PaperID_AuthID.AuthID JOIN AuthID_FieldID ON PaperID_AuthID.AuthID=AuthID_FieldID.AuthID WHERE AuthID_FieldID.FieldID='$FieldID$'
List the field topics that the paper with the ID '$PaperID$'.,SELECT DISTINCT FieldID_Topic.Topic FROM PaperID_AuthID JOIN AuthID_FieldID ON PaperID_AuthID.AuthID=AuthID_FieldID.AuthID JOIN FieldID_Topic ON AuthID_FieldID.FieldID=FieldID_Topic.FieldID WHERE PaperID='$PaperID$'
List the Paper IDs that fall under the field ID '$FieldID$'.,SELECT DISTINCT PaperID_AuthID.PaperID FROM PaperID_AuthID JOIN AuthID_FieldID ON PaperID_AuthID.AuthID=AuthID_FieldID.AuthID WHERE AuthID_FieldID.FieldID='$FieldID$'
How many papers are published in the field with field ID '$FieldID$'?,SELECT DISTINCT COUNT(*) FROM PaperID_AuthID JOIN AuthID_FieldID ON PaperID_AuthID.AuthID=AuthID_FieldID.AuthID WHERE AuthID_FieldID.FieldID='$FieldID$'
Who wrote the paper with the title '$Title$'?,SELECT DISTINCT AuthID_Name.Name FROM AuthID_Name JOIN PaperID_AuthID ON PaperID_AuthID.AuthID=AuthID_Name.AuthID JOIN PaperID_Title on PaperID_AuthID.PaperID=PaperID_Title.PaperID WHERE PaperID_Title.Title='$Title$'
Give summary of paper '$Title$'.,SELECT DISTINCT PaperID_Summary.Summary FROM PaperID_Summary JOIN PaperID_Title ON PaperID_Title.PaperID=PaperID_Summary.PaperID WHERE PaperID_Title.Title LIKE '$Title$'
List all the conference ID on field topic '$Topic$'.,SELECT DISTINCT ConfID_Venue_Year.ConfID FROM ConfID_Venue_Year JOIN ConfID_FieldID ON ConfID_Venue_Year.ConfID=ConfID_FieldID.ConfID JOIN FieldID_Topic ON ConfID_FieldID.FieldID=FieldID_Topic.FieldID Where FieldID_Topic.Topic Like '$Topic$'
Count all conferences on the field $Topic$,SELECT DISTINCT COUNT(*) FROM ConfID_Venue_Year JOIN ConfID_FieldID ON ConfID_Venue_Year.ConfID=ConfID_FieldID.ConfID JOIN FieldID_Topic ON ConfID_FieldID.FieldID=FieldID_Topic.FieldID Where FieldID_Topic.Topic Like '$Topic$' 
Venues of the conferences where paper with title '$Title$' was Published,SELECT DISTINCT ConfID_Venue_Year.ConfID FROM ConfID_Venue_Year JOIN ConfID_PaperID ON ConfID_Venue_Year.ConfID=ConfID_PaperID.ConfID JOIN PaperID_Title ON ConfID_PaperID.PaperID=PaperID_Title.PaperID Where PaperID_Title.Title LIKE '$Title$' 
List all the years in which conferences on field '$Topic$' were held.,SELECT DISTINCT ConfID_Venue_Year.Year FROM ConfID_Venue_Year JOIN ConfID_FieldID ON ConfID_Venue_Year.ConfID=ConfID_FieldID.ConfID JOIN FieldID_Topic ON ConfID_FieldID.FieldID=FieldID_Topic.FieldID Where FieldID_Topic.Topic Like '$Topic$'
No of years in which conferneces on field '$Topic$' were held.,SELECT DISTINCT COUNT(*) FROM ConfID_Venue_Year JOIN ConfID_FieldID ON ConfID_Venue_Year.ConfID=ConfID_FieldID.ConfID JOIN FieldID_Topic ON ConfID_FieldID.FieldID=FieldID_Topic.FieldID Where FieldID_Topic.Topic = '$Topic$'
list all the papers published in conference with ConfID '$ConfID$',SELECT DISTINCT PaperID_Title.PaperID FROM PaperID_Title JOIN ConfID_PaperID ON ConfID_PaperID.PaperID=PaperID_Title.PaperID JOIN ConfID_Venue_Year ON ConfID_Venue_Year.ConfID=ConfID_PaperID.ConfID WHERE ConfID_Venue_Year.ConfID= '$ConfID$' 
No of papers published in conference with ConfID '$ConfID$',SELECT DISTINCT COUNT(*) FROM PaperID_Title JOIN ConfID_PaperID ON ConfID_PaperID.PaperID=PaperID_Title.PaperID JOIN ConfID_Venue_Year ON ConfID_Venue_Year.ConfID=ConfID_PaperID.ConfID WHERE ConfID_Venue_Year.ConfID = $ConfID$ 
List all the papers published in conferences at venue '$Venue$',SELECT DISTINCT PaperID_Title.PaperID FROM PaperID_Title JOIN ConfID_PaperID ON ConfID_PaperID.PaperID=PaperID_Title.PaperID JOIN ConfID_Venue_Year ON ConfID_Venue_Year.ConfID=ConfID_PaperID.ConfID WHERE ConfID_Venue_Year.Venue LIKE '$Venue$' 
Count papers published in conferences at venue '$Venue$',SELECT DISTINCT COUNT(*) FROM PaperID_Title JOIN ConfID_PaperID ON ConfID_PaperID.PaperID=PaperID_Title.PaperID JOIN ConfID_Venue_Year ON ConfID_Venue_Year.ConfID=ConfID_PaperID.ConfID WHERE ConfID_Venue_Year.Venue = '$Venue$'
Field corresponding to conference '$ConfID$',SELECT DISTINCT FieldID_Topic.Topic FROM FieldID_Topic JOIN ConfID_FieldID ON ConfID_FieldID.FieldID=FieldID_Topic.FieldID WHERE ConfID='$ConfID$' 
List all the papers released in year $Year$,SELECT DISTINCT PaperID_Title.PaperID FROM PaperID_Title JOIN ConfID_PaperID ON ConfID_PaperID.PaperID=PaperID_Title.PaperID JOIN ConfID_Venue_Year ON ConfID_Venue_Year.ConfID=ConfID_PaperID.ConfID WHERE ConfID_Venue_Year.Year='$Year$' 
No of papers released in year $Year$,SELECT DISTINCT COUNT(*) FROM PaperID_Title JOIN ConfID_PaperID ON ConfID_PaperID.PaperID=PaperID_Title.PaperID JOIN ConfID_Venue_Year ON ConfID_Venue_Year.ConfID=ConfID_PaperID.ConfID WHERE ConfID_Venue_Year.Year='$Year$' 
list all the papers published in conferences at venue '$Venue$' in year 1965,SELECT DISTINCT PaperID_Title.PaperID FROM PaperID_Title JOIN ConfID_PaperID ON ConfID_PaperID.PaperID=PaperID_Title.PaperID JOIN ConfID_Venue_Year ON ConfID_Venue_Year.ConfID=ConfID_PaperID.ConfID WHERE ConfID_Venue_Year.Venue='$Venue$' AND ConfID_Venue_Year.Year='1965'
No of papers published in conferences at venue '$Venue$' in year 1965,SELECT DISTINCT COUNT(*) FROM PaperID_Title JOIN ConfID_PaperID ON ConfID_PaperID.PaperID=PaperID_Title.PaperID JOIN ConfID_Venue_Year ON ConfID_Venue_Year.ConfID=ConfID_PaperID.ConfID WHERE ConfID_Venue_Year.Venue='$Venue$' AND ConfID_Venue_Year.Year='1965'
List all the conference ID on field '$Topic$' in year 1979,SELECT DISTINCT ConfID_Venue_Year.ConfID FROM ConfID_Venue_Year JOIN ConfID_FieldID ON ConfID_Venue_Year.ConfID=ConfID_FieldID.ConfID JOIN FieldID_Topic ON ConfID_FieldID.FieldID=FieldID_Topic.FieldID Where FieldID_Topic.Topic Like '$Topic$' and ConfID_Venue_Year.Year='1979'
List all the conference venue on field '$Topic$' in year 1973,SELECT DISTINCT ConfID_Venue_Year.Venue FROM ConfID_Venue_Year JOIN ConfID_FieldID ON ConfID_Venue_Year.ConfID=ConfID_FieldID.ConfID JOIN FieldID_Topic ON ConfID_FieldID.FieldID=FieldID_Topic.FieldID Where FieldID_Topic.Topic Like '$Topic$' and ConfID_Venue_Year.Year='1973'
No of conferences on field '$Topic$' in year 1975,SELECT DISTINCT COUNT(*) FROM ConfID_Venue_Year JOIN ConfID_FieldID ON ConfID_Venue_Year.ConfID=ConfID_FieldID.ConfID JOIN FieldID_Topic ON ConfID_FieldID.FieldID=FieldID_Topic.FieldID Where FieldID_Topic.Topic Like '$Topic$' and ConfID_Venue_Year.Year='1975'
List all the conferences ID on field 'Dependency Parsing' at venue '$Venue$',SELECT DISTINCT ConfID_Venue_Year.ConfID FROM ConfID_Venue_Year JOIN ConfID_FieldID ON ConfID_Venue_Year.ConfID=ConfID_FieldID.ConfID JOIN FieldID_Topic ON ConfID_FieldID.FieldID=FieldID_Topic.FieldID Where FieldID_Topic.Topic Like 'Dependency Parsing' and ConfID_Venue_Year.Venue='$Venue$'
No of conferences on field 'Dependency Parsing' at venue '$Venue$',SELECT DISTINCT COUNT(*) FROM ConfID_Venue_Year JOIN ConfID_FieldID ON ConfID_Venue_Year.ConfID=ConfID_FieldID.ConfID JOIN FieldID_Topic ON ConfID_FieldID.FieldID=FieldID_Topic.FieldID Where FieldID_Topic.Topic Like 'Dependency Parsing' and ConfID_Venue_Year.Venue='$Venue$'
Who wrote the paper with the title '$Title$'?,SELECT DISTINCT AuthID_Name.Name FROM AuthID_Name JOIN PaperID_AuthID ON PaperID_AuthID.AuthID=AuthID_Name.AuthID JOIN PaperID_Title on PaperID_AuthID.PaperID=PaperID_Title.PaperID WHERE PaperID_Title.Title='$Title$'
How many authors wrote the paper with the title '$Title$',SELECT DISTINCT COUNT(*) FROM AuthID_Name JOIN PaperID_AuthID ON PaperID_AuthID.AuthID=AuthID_Name.AuthID JOIN PaperID_Title on PaperID_AuthID.PaperID=PaperID_Title.PaperID WHERE PaperID_Title.Title='$Title$'
List the field topics of paper with the title '$Title$',SELECT DISTINCT FieldID_Topic.Topic FROM FieldID_Topic JOIN PaperID_FieldID ON FieldID_Topic.FieldID=PaperID_FieldID.FieldID JOIN PaperID_Title on PaperID_FieldID.PaperID=PaperID_Title.PaperID WHERE PaperID_Title.Title='$Topic$'
How many fields of the paper with the title '$Title$',SELECT DISTINCT COUNT(*) FROM FieldID_Topic JOIN PaperID_FieldID ON FieldID_Topic.FieldID=PaperID_FieldID.FieldID JOIN PaperID_Title on PaperID_FieldID.PaperID=PaperID_Title.PaperID WHERE PaperID_Title.Title='$Title$'
How many papers were published on and after an year $Year$,SELECT DISTINCT COUNT(*) FROM PaperID_Title JOIN ConfID_PaperID ON ConfID_PaperID.PaperID=PaperID_Title.PaperID JOIN ConfID_Venue_Year ON ConfID_Venue_Year.ConfID=ConfID_PaperID.ConfID WHERE ConfID_Venue_Year.Year='$Year$'
List the papers published on and after an year $Year$,SELECT DISTINCT PaperID_Title.Title FROM PaperID_Title JOIN ConfID_PaperID ON ConfID_PaperID.PaperID=PaperID_Title.PaperID JOIN ConfID_Venue_Year ON ConfID_Venue_Year.ConfID=ConfID_PaperID.ConfID WHERE ConfID_Venue_Year.Year >= '$Year$'
List the papers published in year $Year$,SELECT DISTINCT PaperID_Title.Title FROM PaperID_Title JOIN ConfID_PaperID ON ConfID_PaperID.PaperID=PaperID_Title.PaperID JOIN ConfID_Venue_Year ON ConfID_Venue_Year.ConfID=ConfID_PaperID.ConfID WHERE ConfID_Venue_Year.Year='$Year$'
How many papers were published in the year $Year$,SELECT DISTINCT COUNT(*) FROM PaperID_Title JOIN ConfID_PaperID ON ConfID_PaperID.PaperID=PaperID_Title.PaperID JOIN ConfID_Venue_Year ON ConfID_Venue_Year.ConfID=ConfID_PaperID.ConfID WHERE ConfID_Venue_Year.Year='$Year$'
Give ConfID of the paper with paper ID equals '$PaperID$',SELECT DISTINCT ConfID_Venue_Year.ConfID FROM ConfID_Venue_Year JOIN ConfID_PaperID ON ConfID_PaperID.ConfID=ConfID_Venue_Year.ConfID JOIN PaperID_Title ON ConfID_PaperID.PaperID=PaperID_Title.PaperID WHERE PaperID_Title.PaperID='$PaperID$'
When was the paper with paper ID equals '$PaperID$' published?,SELECT DISTINCT ConfID_Venue_Year.Year FROM ConfID_Venue_Year JOIN ConfID_PaperID ON ConfID_PaperID.ConfID=ConfID_Venue_Year.ConfID JOIN PaperID_Title ON ConfID_PaperID.PaperID=PaperID_Title.PaperID WHERE PaperID_Title.PaperID='$PaperID$'
Where was the paper with paper ID equals '$PaperID$' published?,SELECT DISTINCT ConfID_Venue_Year.Venue FROM ConfID_Venue_Year JOIN ConfID_PaperID ON ConfID_PaperID.ConfID=ConfID_Venue_Year.ConfID JOIN PaperID_Title ON ConfID_PaperID.PaperID=PaperID_Title.PaperID WHERE PaperID_Title.PaperID='$PaperID$'
Where and when was the paper with paper ID equals '$PaperID$' published?,"SELECT DISTINCT ConfID_Venue_Year.Venue,ConfID_Venue_Year.Year FROM ConfID_Venue_Year JOIN ConfID_PaperID ON ConfID_PaperID.ConfID=ConfID_Venue_Year.ConfID JOIN PaperID_Title ON ConfID_PaperID.PaperID=PaperID_Title.PaperID WHERE PaperID_Title.PaperID='$PaperID$'"
When was the paper '$Title$' published?,SELECT DISTINCT ConfID_Venue_Year.Year FROM ConfID_Venue_Year JOIN ConfID_PaperID ON ConfID_PaperID.ConfID=ConfID_Venue_Year.ConfID JOIN PaperID_Title ON ConfID_PaperID.PaperID=PaperID_Title.PaperID WHERE PaperID_Title.Title='$Title$'
Where was the paper '$Title$' published,SELECT DISTINCT ConfID_Venue_Year.Venue FROM ConfID_Venue_Year JOIN ConfID_PaperID ON ConfID_PaperID.ConfID=ConfID_Venue_Year.ConfID JOIN PaperID_Title ON ConfID_PaperID.PaperID=PaperID_Title.PaperID WHERE PaperID_Title.Title='$Title$'
Where and when was the paper '$Title$' published,"SELECT DISTINCT ConfID_Venue_Year.Venue,ConfID_Venue_Year.Year FROM ConfID_Venue_Year JOIN ConfID_PaperID ON ConfID_PaperID.ConfID=ConfID_Venue_Year.ConfID JOIN PaperID_Title ON ConfID_PaperID.PaperID=PaperID_Title.PaperID WHERE PaperID_Title.Title='$Topic$'"
Give ConfID of the paper '$Title$',SELECT DISTINCT ConfID_Venue_Year.ConfID FROM ConfID_Venue_Year JOIN ConfID_PaperID ON ConfID_PaperID.ConfID=ConfID_Venue_Year.ConfID JOIN PaperID_Title ON ConfID_PaperID.PaperID=PaperID_Title.PaperID WHERE PaperID_Title.Title='$Topic$'
List the papers published in the year 2010 at '$Venue$',SELECT DISTINCT PaperID_Title.Title FROM PaperID_Title JOIN ConfID_PaperID ON ConfID_PaperID.PaperID=PaperID_Title.PaperID JOIN ConfID_Venue_Year ON ConfID_Venue_Year.ConfID=ConfID_PaperID.ConfID WHERE ConfID_Venue_Year.Year='2010' AND ConfID_Venue_Year.Venue='$Venue$'
How many papers were published in the year 1973 at '$Venue$',SELECT DISTINCT COUNT(*) FROM PaperID_Title JOIN ConfID_PaperID ON ConfID_PaperID.PaperID=PaperID_Title.PaperID JOIN ConfID_Venue_Year ON ConfID_Venue_Year.ConfID=ConfID_PaperID.ConfID WHERE ConfID_Venue_Year.Year='1973' AND ConfID_Venue_Year.Venue='$Venue$'
List the papers published on and after year 1980 at '$Venue$',SELECT DISTINCT PaperID_Title.Title FROM PaperID_Title JOIN ConfID_PaperID ON ConfID_PaperID.PaperID=PaperID_Title.PaperID JOIN ConfID_Venue_Year ON ConfID_Venue_Year.ConfID=ConfID_PaperID.ConfID WHERE ConfID_Venue_Year.Year >= '1980' AND ConfID_Venue_Year.Venue='$Venue$'
List the title of the papers published after year 2000 at '$Venue$',SELECT DISTINCT PaperID_Title.Title FROM PaperID_Title JOIN ConfID_PaperID ON ConfID_PaperID.PaperID=PaperID_Title.PaperID JOIN ConfID_Venue_Year ON ConfID_Venue_Year.ConfID=ConfID_PaperID.ConfID WHERE ConfID_Venue_Year.Year > '2000' AND ConfID_Venue_Year.Venue='$Venue$'
How many papers were published on and after the year 2005 at '$Venue$',SELECT DISTINCT COUNT(*) FROM PaperID_Title JOIN ConfID_PaperID ON ConfID_PaperID.PaperID=PaperID_Title.PaperID JOIN ConfID_Venue_Year ON ConfID_Venue_Year.ConfID=ConfID_PaperID.ConfID WHERE ConfID_Venue_Year.Year >= '2005' AND ConfID_Venue_Year.Venue='$Venue$'
How many papers were published after the year 1980 at '$Venue$',SELECT DISTINCT COUNT(*) FROM PaperID_Title JOIN ConfID_PaperID ON ConfID_PaperID.PaperID=PaperID_Title.PaperID JOIN ConfID_Venue_Year ON ConfID_Venue_Year.ConfID=ConfID_PaperID.ConfID WHERE ConfID_Venue_Year.Year > '1980' AND ConfID_Venue_Year.Venue='$Venue$'
How many papers were published after the year $Year$,SELECT DISTINCT COUNT(*) FROM PaperID_Title JOIN ConfID_PaperID ON ConfID_PaperID.PaperID=PaperID_Title.PaperID JOIN ConfID_Venue_Year ON ConfID_Venue_Year.ConfID=ConfID_PaperID.ConfID WHERE ConfID_Venue_Year.Year > '$Year$'
How many papers were published on and before the year 2000 at '$Venue$',SELECT DISTINCT COUNT(*) FROM PaperID_Title JOIN ConfID_PaperID ON ConfID_PaperID.PaperID=PaperID_Title.PaperID JOIN ConfID_Venue_Year ON ConfID_Venue_Year.ConfID=ConfID_PaperID.ConfID WHERE ConfID_Venue_Year.Year <= '2000' AND ConfID_Venue_Year.Venue='$Venue$'
How many papers were published on and before year $Year$,SELECT DISTINCT COUNT(*) FROM PaperID_Title JOIN ConfID_PaperID ON ConfID_PaperID.PaperID=PaperID_Title.PaperID JOIN ConfID_Venue_Year ON ConfID_Venue_Year.ConfID=ConfID_PaperID.ConfID WHERE ConfID_Venue_Year.Year <= '$Year$'
How many papers were published before year 2000 at '$Venue$',SELECT DISTINCT COUNT(*) FROM PaperID_Title JOIN ConfID_PaperID ON ConfID_PaperID.PaperID=PaperID_Title.PaperID JOIN ConfID_Venue_Year ON ConfID_Venue_Year.ConfID=ConfID_PaperID.ConfID WHERE ConfID_Venue_Year.Year < '2000' AND ConfID_Venue_Year.Venue='$Venue$'
How many papers were published before year $Year$,SELECT DISTINCT COUNT(*) FROM PaperID_Title JOIN ConfID_PaperID ON ConfID_PaperID.PaperID=PaperID_Title.PaperID JOIN ConfID_Venue_Year ON ConfID_Venue_Year.ConfID=ConfID_PaperID.ConfID WHERE ConfID_Venue_Year.Year < '$Year$'
Give all the papers IDs,SELECT DISTINCT PaperID_AuthID.PaperID FROM PaperID_AuthID;
Give all the authors IDs,SELECT DISTINCT PaperID_AuthID.AuthID FROM PaperID_AuthID;
Give all the papers which are written by author of authorID '$AuthID$'.,SELECT DISTINCT PaperID_AuthID.PaperID FROM PaperID_AuthID WHERE PaperID_AuthID.AuthID='$AuthID$';
Display all the papers written by '$AuthID$'?,SELECT DISTINCT PaperID_AuthID.PaperID FROM PaperID_AuthID WHERE PaperID_AuthID.AuthID='$AuthID$';
Count the papers written by Author ID '$AuthID$',SELECT DISTINCT COUNT(*) FROM PaperID_AuthID WHERE PaperID_AuthID.AuthID='$AuthID$';
List all the authors who contributed to paper '$PaperID$',SELECT DISTINCT PaperID_AuthID.AuthID FROM PaperID_AuthID WHERE PaperID_AuthID.PaperID= '$PaperID$';
Count the number authors who contributed to paper ID '$PaperID$',SELECT DISTINCT COUNT(*) FROM PaperID_AuthID WHERE PaperID_AuthID.PaperID= '$PaperID$';
Display all the authors for '$PaperID$',SELECT DISTINCT PaperID_AuthID.AuthID FROM PaperID_AuthID WHERE PaperID_AuthID.PaperID= '$PaperID$';
Give the number of Authors of Paper ID '$PaperID$',SELECT DISTINCT COUNT(*) FROM PaperID_AuthID WHERE PaperID_AuthID.PaperID= '$PaperID$';
Display all the papers with FieldID '$FieldID$',SELECT DISTINCT PaperID_FieldID.PaperID FROM PaperID_FieldID WHERE PaperID_FieldID.FieldID='$FieldID$';
List the papers associated with FieldID '$FieldID$' ?,SELECT DISTINCT PaperID_FieldID.PaperID FROM PaperID_FieldID WHERE PaperID_FieldID.FieldID='$FieldID$';
Give the papers associated with FieldID $FeildID$,SELECT DISTINCT COUNT(*) FROM PaperID_FieldID WHERE PaperID_FieldID.FieldID='$FieldID$';
Display all the Field IDs,SELECT DISTINCT PaperID_FieldID.FieldID FROM PaperID_FieldID;
Give all the Field IDs associated with paperID '$PaperID$'.,SELECT DISTINCT PaperID_FieldID.FieldID FROM PaperID_FieldID WHERE PaperID_FieldID.PaperID='$PaperID$';
Display the Fields associated with paperID '$PaperID$'?,SELECT DISTINCT PaperID_FieldID.FieldID FROM PaperID_FieldID WHERE PaperID_FieldID.PaperID='$PaperID$';
How many Fields are associated with paperID '$PaperID$',SELECT DISTINCT COUNT(*) FROM PaperID_FieldID WHERE PaperID_FieldID.PaperID='$PaperID$';
Show summaries of all the papers,SELECT DISTINCT PaperID_Summary.Summary from PaperID_Summary;
Display the summary of paper with paperID '$PaperID$' ,SELECT DISTINCT PaperID_Summary.Summary from PaperID_Summary WHERE PaperID_Summary.PaperID='$PaperID$';
What is the summary of paper ID '$PaperID$',SELECT DISTINCT PaperID_Summary.Summary from PaperID_Summary WHERE PaperID_Summary.PaperID='$PaperID$';
Show titles of all the papers,SELECT DISTINCT PaperID_Title.Title FROM PaperID_Title;
Show titles of all the papers along with paperID,"SELECT DISTINCT PaperID_Title.PaperID,PaperID_Title.Title FROM PaperID_Title;"
List the title of the paper with PaperID '$PaperID$'?,SELECT DISTINCT PaperID_Title.Title FROM PaperID_Title WHERE PaperID_Title.PaperID='$PaperID$';
Give the Paper ID of the paper with title '$Title$'?,SELECT DISTINCT PaperID_Title.PaperID FROM PaperID_Title WHERE PaperID_Title.Title='$Title$';
Display all the Paper IDs of the paper with the title starting with '$Title$'^?,SELECT DISTINCT PaperID_Title.PaperID FROM PaperID_Title WHERE PaperID_Title.Title LIKE '$Title$^%';
List the affliates which are located in $Place$,SELECT DISTINCT AffiliationID_Place_Affiliation.Affiliate FROM AffiliationID_Place_Affiliation WHERE AffiliationID_Place_Affiliation.Place LIKE '%$Place$%';
Count all the affliates located at $Place$  ,SELECT DISTINCT Count(*) FROM AffiliationID_Place_Affiliation WHERE AffiliationID_Place_Affiliation.Place LIKE '%$Place$%;
Show all the affliates that contain '$Affiliate$'-,SELECT DISTINCT AffiliationID_Place_Affiliation.Affiliate FROM AffiliationID_Place_Affiliation WHERE AffiliationID_Place_Affiliation.Affiliate LIKE '%$Affiliate$-%';
Number of affliates in that contain $Affliate$,SELECT DISTINCT Count(*) FROM AffiliationID_Place_Affiliation WHERE AffiliationID_Place_Affiliation.Affiliate LIKE '%$Affiliate$-%';
Name and Place of affiliate with ID $AffiliationID$,"SELECT DISTINCT AffiliationID_Place_Affiliation.Affiliate,AffiliationID_Place_Affiliation.Place FROM AffiliationID_Place_Affiliation WHERE AffiliationID_Place_Affiliation.AffiliationID='$AffiliationID$';"
Give the location of the affiliate '$Affiliate$',SELECT DISTINCT AffiliationID_Place_Affiliation.Place FROM AffiliationID_Place_Affiliation WHERE AffiliationID_Place_Affiliation.Affiliate LIKE '$Affiliate$;
Show all authids with $AffiliationID$,SELECT DISTINCT AuthID_AffiliationID.AuthID FROM AuthID_AffiliationID WHERE AuthID_AffiliationID.AffiliationID='$AffiliationID$';
Number of authids with $AffliationID$,SELECT DISTINCT COUNT(*) FROM AuthID_AffiliationID WHERE AuthID_AffiliationID.AffiliationID='$AffiliationID$';
Show the number of authors affiliated with each affiliate which have more than $X$ authors.,"SELECT DISTINCT COUNT(*),AuthID_AffiliationID.AffiliationID FROM AuthID_AffiliationID GROUP BY AuthID_AffiliationID.AffiliationID HAVING COUNT(*) > $X$ ORDER BY COUNT(*) DESC;"
Give the number of authors affiliated with each affiliate.,"SELECT DISTINCT COUNT(*),AuthID_AffiliationID.AffiliationID FROM AuthID_AffiliationID GROUP BY AuthID_AffiliationID.AffiliationID ORDER BY COUNT(*);"
Show the affiliation ID of '$AuthID$'.,SELECT DISTINCT AuthID_AffiliationID.AffiliationID FROM AuthID_AffiliationID WHERE AuthID_AffiliationID.AuthID='$AuthID$';
List the author IDs in the field with the ID '$FieldID$',SELECT DISTINCT AuthID_FieldID.AuthID FROM AuthID_FieldID WHERE AuthID_FieldID.FieldID='$FieldID$';
How many authids in field with '$FieldID$',SELECT DISTINCT Count(*) FROM AuthID_FieldID WHERE AuthID_FieldID.FieldID='$FieldID$';
List fields with the number of authors who work in it in increasing order.,SELECT DISTINCT AuthID_FieldID.FieldID FROM AuthID_FieldID GROUP BY AuthID_FieldID.FieldID ORDER BY COUNT(*) ASC;
Display fields having greater than $Z$ authors in ascending order.,SELECT DISTINCT AuthID_FieldID.FieldID FROM AuthID_FieldID GROUP BY AuthID_FieldID.FieldID HAVING COUNT(*) > $Z$ ORDER BY COUNT(*) ASC;
Display author IDs which work in more than $W$ fields in ascending order.,SELECT DISTINCT AuthID_FieldID.AuthID FROM AuthID_FieldID GROUP BY AuthID_FieldID.AuthID HAVING Count(*)>$W$ ORDER BY COUNT(*) ASC;
Name the Author with ID '$AuthID$' ?,SELECT DISTINCT AuthID_Name.Name FROM AuthID_Name WHERE AuthID_Name.AuthID='$AuthID$';
Who is the author with '$AuthID$' ?,SELECT DISTINCT AuthID_Name.Name FROM AuthID_Name WHERE AuthID_Name.AuthID='$AuthID$';
Display the ID of the Author whose name is '$Name$' ?,SELECT DISTINCT AuthID_Name.AuthID FROM AuthID_Name WHERE AuthID_Name.Name='$Name$';
Display the Authors whose name begin with '$Name$^' ?,SELECT DISTINCT AuthID_Name.AuthID FROM AuthID_Name WHERE AuthID_Name.Name='$Name$'^';
List the IDs of the Authors whose name begin with '$Name$'^ ?,SELECT DISTINCT AuthID_Name.AuthID FROM AuthID_Name WHERE AuthID_Name.Name LIKE '$Name$'^%';
Give the number of authors whose name starts with '$Name$'^,SELECT DISTINCT COUNT(*) FROM AuthID_Name WHERE AuthID_Name.Name LIKE '$Name$'^%';
Give the number of authors whose name ends with '$Name$'&,SELECT DISTINCT COUNT(*) FROM AuthID_Name WHERE AuthID_Name.Name LIKE '%'$Name$'&%';
Give the number of papers published in conference with '$ConfID$',SELECT DISTINCT COUNT(*) FROM ConfID_PaperID WHERE ConfID_PaperID.ConfID='$ConfID$';
Display all the Conference ID with more than $X$ Papers,SELECT DISTINCT ConfID_PaperID.ConfID FROM ConfID_PaperID GROUP BY ConfID_PaperID.ConfID HAVING COUNT(*)>$X$;
List the Conference ID of the conference in which paper of the id '$PaperID$' was published?,SELECT DISTINCT ConfID_PaperID.ConfID FROM ConfID_PaperID WHERE ConfID_PaperID.PaperID='$PaperID$';
Display the paper ID of the all the paper which in the conference with ID '$ConfID$',SELECT DISTINCT ConfID_PaperID.PaperID FROM ConfID_PaperID WHERE ConfID_PaperID.ConfID='$ConfID';
Count the number of papers have been published with the ID that starts with '$PaperID$'^?,SELECT DISTINCT COUNT(*) FROM ConfID_PaperID WHERE ConfID_PaperID.PaperID LIKE '$PaperID$^%';
What is the number of conference which were conducted in the field with ID '$FieldID$'?,SELECT DISTINCT COUNT(*) FROM ConfID_FieldID WHERE ConfID_FieldID.FieldID='$FieldID$';
Which conferences were conducted in the field with ID '$FieldID$'?,SELECT DISTINCT ConfID_FieldID.ConfID FROM ConfID_FieldID WHERE ConfID_FieldID.FieldID='$FieldID$';
Which Field ID have more than $Y$ conferences?,SELECT DISTINCT ConfID_FieldID.FieldID FROM ConfID_FieldID GROUP BY ConfID_FieldID.FieldID HAVING COUNT(*)>$Y$;
Show the Field ID in which the conference with ID '$ConfID$' is conducted.,SELECT DISTINCT ConfID_FieldID.FieldID FROM ConfID_FieldID WHERE ConfID_FieldID.ConfID='$ConfID$';
What is the number of conferences which have ID that starts with '$ConfID$'^?,SELECT DISTINCT COUNT(*) FROM ConfID_FieldID WHERE ConfID_FieldID.ConfID LIKE '$ConfID$^%';
In which venues atleast one paper was published? ,SELECT DISTINCT ConfID_Venue_Year.Venue FROM ConfID_Venue_Year;
What is the number of conferences which were held at '$Venue$'?,SELECT DISTINCT COUNT(*) FROM ConfID_Venue_Year WHERE ConfID_Venue_Year.Venue='$Venue$';
What is the number of conferences which were held in the year $Year$?,SELECT DISTINCT COUNT(*) FROM ConfID_Venue_Year WHERE ConfID_Venue_Year.Year=$Year$;
Give the venue for the conference with the ID '$ConfID$'?,SELECT DISTINCT ConfID_Venue_Year.Venue FROM ConfID_Venue_Year WHERE ConfID_Venue_Year.ConfID='$ConfID$';
List the number of conferences which was held before $Year$?,SELECT DISTINCT COUNT(*) FROM ConfID_Venue_Year WHERE Year<$Year$;
How many conferences held after $Year$?,SELECT DISTINCT COUNT(*) FROM ConfID_Venue_Year WHERE Year>$Year$;
Count the number of conferences held after $Year$?,SELECT DISTINCT COUNT(ConfID_Venue_Year.ConfID) FROM ConfID_Venue_Year WHERE ConfID_Venue_Year.Venue=$Venue$ AND ConfID_Venue_Year.Year>$Year$;
Display the years in the order of the years with highest to lowest conferences.,SELECT DISTINCT ConfID_Venue_Year.Year FROM ConfID_Venue_Year GROUP BY ConfID_Venue_Year.Year ORDER BY COUNT(ConfID_Venue_Year.ConfID) DESC;
Show all the field IDs.,SELECT DISTINCT FieldID_Topic.FieldID FROM FieldID_Topic;
Show all the topics.,SELECT DISTINCT FieldID_Topic.Topic FROM FieldID_Topic;
Display the fieldID for the topic '$Topic$'.,SELECT DISTINCT FieldID_Topic.FieldID FROM FieldID_Topic WHERE FieldID_Topic.Topic='$Topic$';
What is the topic corresponding to the Field ID '$FieldID$'?,SELECT DISTINCT FieldID_Topic.Topic FROM FieldID_Topic WHERE FieldID_Topic.FieldID='$FieldID$';
Find the number of the topics.,SELECT DISTINCT COUNT(*) FROM FieldID_Topic;
What is the total number of papers published?,SELECT DISTINCT COUNT(*) FROM KeywordID_PaperID;
Count the number of unique keyword IDs?,SELECT DISTINCT COUNT(DISTINCT KeywordID_PaperID.KeywordID) FROM KeywordID_PaperID;
Name the papers with keyword ID as $KeywordID$.,SELECT DISTINCT KeywordID_PaperID.PaperID FROM KeywordID_PaperID WHERE KeywordID_PaperID.KeywordID=$KeywordID$;
Show the keyword IDs with Count from highest to lowest.,SELECT DISTINCT KeywordID_PaperID.KeywordID FROM KeywordID_PaperID GROUP BY KeywordID_PaperID.KeywordID ORDER BY COUNT(*) DESC;
Give the Affiliation of all the authors ?,"SELECT DISTINCT AffiliationID_Place_Affiliation.Affiliate,AuthID_Name.Name FROM AuthID_AffiliationID JOIN AuthID_Name ON AuthID_AffiliationID.AuthID=AuthID_Name.AuthID JOIN AffiliationID_Place_Affiliation ON AffiliationID_Place_Affiliation.AffiliationID=AuthID_AffiliationID.AffiliationID;"
Display all the affiliation of the author '$Name$'.,SELECT DISTINCT AffiliationID_Place_Affiliation.Affiliate FROM AuthID_AffiliationID JOIN AuthID_Name ON AuthID_AffiliationID.AuthID=AuthID_Name.AuthID JOIN AffiliationID_Place_Affiliation ON AffiliationID_Place_Affiliation.AffiliationID=AuthID_AffiliationID.AffiliationID WHERE AuthID_Name.Name='$Name$';
Display all the authors of the affiliate '$Affiliate$'.,SELECT DISTINCT AuthID_Name.Name FROM AuthID_AffiliationID JfOIN AuthID_Name ON AuthID_AffiliationID.AuthID=AuthID_Name.AuthID JOIN AffiliationID_Place_Affiliation ON AffiliationID_Place_Affiliation.AffiliationID=AuthID_AffiliationID.AffiliationID WHERE AffiliationID_Place_Affiliation.Affiliate='$Affiliate$';
Give all the authors of the affiliate '$Affiliate$'.,SELECT DISTINCT COUNT(*) FROM AuthID_AffiliationID JOIN AuthID_Name ON AuthID_AffiliationID.AuthID=AuthID_Name.AuthID JOIN AffiliationID_Place_Affiliation ON AffiliationID_Place_Affiliation.AffiliationID=AuthID_AffiliationID.AffiliationID WHERE AffiliationID_Place_Affiliation.Affiliate='$Affiliate$' GROUP BY AffiliationID_Place_Affiliation.Affiliate;
Give the Count of affiliates has the author '$Name$' been related with?,SELECT DISTINCT COUNT(*) FROM AuthID_AffiliationID JOIN AuthID_Name ON AuthID_AffiliationID.AuthID=AuthID_Name.AuthID JOIN AffiliationID_Place_Affiliation ON AffiliationID_Place_Affiliation.AffiliationID=AuthID_AffiliationID.AffiliationID WHERE AuthID_Name.Name='$Name$' GROUP BY AuthID_Name.Name;
Show all the authors from $Place$.,SELECT DISTINCT AuthID_Name.Name FROM AuthID_AffiliationID JOIN AuthID_Name ON AuthID_AffiliationID.AuthID=AuthID_Name.AuthID JOIN AffiliationID_Place_Affiliation ON AffiliationID_Place_Affiliation.AffiliationID=AuthID_AffiliationID.AffiliationID WHERE AffiliationID_Place_Affiliation.Place='$Place$';
Give all the authors from $Place$.,SELECT DISTINCT AffiliationID_Place_Affiliation.Place FROM AuthID_AffiliationID JOIN AuthID_Name ON AuthID_AffiliationID.AuthID=AuthID_Name.AuthID JOIN AffiliationID_Place_Affiliation ON AffiliationID_Place_Affiliation.AffiliationID=AuthID_AffiliationID.AffiliationID WHERE AuthID_Name.Name='$Name$';
Count the number of authors are from $Place$?,SELECT DISTINCT COUNT(*) FROM AuthID_AffiliationID JOIN AuthID_Name ON AuthID_AffiliationID.AuthID=AuthID_Name.AuthID JOIN AffiliationID_Place_Affiliation ON AffiliationID_Place_Affiliation.AffiliationID=AuthID_AffiliationID.AffiliationID WHERE AffiliationID_Place_Affiliation.Place='$Place$';
Display all the affiliates having more than $X$ authors.,SELECT DISTINCT AffiliationID_Place_Affiliation.Affiliate FROM AuthID_AffiliationID JOIN AuthID_Name ON AuthID_AffiliationID.AuthID=AuthID_Name.AuthID JOIN AffiliationID_Place_Affiliation ON AffiliationID_Place_Affiliation.AffiliationID=AuthID_AffiliationID.AffiliationID GROUP BY AffiliationID_Place_Affiliation.Affiliate HAVING COUNT(DISTINCT AuthID_Name.Name)>$X$;
Show all places having more than $X$ authors.,SELECT DISTINCT AffiliationID_Place_Affiliation.Place FROM AuthID_AffiliationID JOIN AuthID_Name ON AuthID_AffiliationID.AuthID=AuthID_Name.AuthID JOIN AffiliationID_Place_Affiliation ON AffiliationID_Place_Affiliation.AffiliationID=AuthID_AffiliationID.AffiliationID GROUP BY AffiliationID_Place_Affiliation.Place HAVING COUNT(DISTINCT AuthID_Name.Name)>$X$;
Count the number of different field does the affiliate '$Affiliate$' work on?,"SELECT DISTINCT AffiliationID_Place_Affiliation.Affiliate,COUNT(DISTINCT FieldID_Topic.Topic) FROM AuthID_AffiliationID JOIN AuthID_FieldID ON AuthID_AffiliationID.AuthID=AuthID_FieldID.AuthID JOIN FieldID_Topic ON AuthID_FieldID.FieldID=FieldID_Topic.FieldID JOIN AffiliationID_Place_Affiliation ON AffiliationID_Place_Affiliation.AffiliationID=AuthID_AffiliationID.AffiliationID WHERE AffiliationID_Place_Affiliation.Affiliate='$Affiliate$' GROUP BY AffiliationID_Place_Affiliation.Affiliate;"
Name the fields that the affiliate '$Affiliate$' works on.,SELECT DISTINCT FieldID_Topic.Topic FROM AuthID_AffiliationID JOIN AuthID_FieldID ON AuthID_AffiliationID.AuthID=AuthID_FieldID.AuthID JOIN FieldID_Topic ON AuthID_FieldID.FieldID=FieldID_Topic.FieldID JOIN AffiliationID_Place_Affiliation ON AffiliationID_Place_Affiliation.AffiliationID=AuthID_AffiliationID.AffiliationID WHERE AffiliationID_Place_Affiliation.Affiliate='$Affiliate$';
What was the number of affiliates that work on the field '$Topic$'?,SELECT DISTINCT COUNT(DISTINCT AffiliationID_Place_Affiliation.Affiliate) FROM AuthID_AffiliationID JOIN AuthID_FieldID ON AuthID_AffiliationID.AuthID=AuthID_FieldID.AuthID JOIN FieldID_Topic ON AuthID_FieldID.FieldID=FieldID_Topic.FieldID JOIN AffiliationID_Place_Affiliation ON AffiliationID_Place_Affiliation.AffiliationID=AuthID_AffiliationID.AffiliationID WHERE FieldID_Topic.Topic='$Topic$' GROUP BY FieldID_Topic.Topic;
Which affiliates work on the field '$Topic$'?,SELECT DISTINCT AffiliationID_Place_Affiliation.Affiliate FROM AuthID_AffiliationID JOIN AuthID_FieldID ON AuthID_AffiliationID.AuthID=AuthID_FieldID.AuthID JOIN FieldID_Topic ON AuthID_FieldID.FieldID=FieldID_Topic.FieldID JOIN AffiliationID_Place_Affiliation ON AffiliationID_Place_Affiliation.AffiliationID=AuthID_AffiliationID.AffiliationID WHERE FieldID_Topic.Topic='$Topic$';
What are the fields does the affiliates in the place $Place$ work on?,SELECT DISTINCT FieldID_Topic.Topic FROM AuthID_AffiliationID JOIN AuthID_FieldID ON AuthID_AffiliationID.AuthID=AuthID_FieldID.AuthID JOIN FieldID_Topic ON AuthID_FieldID.FieldID=FieldID_Topic.FieldID JOIN AffiliationID_Place_Affiliation ON AffiliationID_Place_Affiliation.AffiliationID=AuthID_AffiliationID.AffiliationID WHERE AffiliationID_Place_Affiliation.Place='$Place$';
Display all the affiliates with the number of authors working on the field '$Topic$',"SELECT DISTINCT COUNT(*),AffiliationID_Place_Affiliation.Affiliate FROM AuthID_AffiliationID JOIN AuthID_FieldID ON AuthID_AffiliationID.AuthID=AuthID_FieldID.AuthID JOIN FieldID_Topic ON AuthID_FieldID.FieldID=FieldID_Topic.FieldID JOIN AffiliationID_Place_Affiliation ON AffiliationID_Place_Affiliation.AffiliationID=AuthID_AffiliationID.AffiliationID WHERE FieldID_Topic.Topic='$Topic$' GROUP BY AffiliationID_Place_Affiliation.Affiliate;"
Show the author from affiliate '$Affiliate$' who work on the field '$Topic$'.,SELECT DISTINCT AuthID_Name.Name FROM AuthID_AffiliationID JOIN AuthID_FieldID ON AuthID_AffiliationID.AuthID=AuthID_FieldID.AuthID JOIN FieldID_Topic ON AuthID_FieldID.FieldID=FieldID_Topic.FieldID JOIN AffiliationID_Place_Affiliation ON AffiliationID_Place_Affiliation.AffiliationID=AuthID_AffiliationID.AffiliationID JOIN AuthID_Name ON AuthID_Name.AuthID=AuthID_AffiliationID.AuthID WHERE FieldID_Topic.Topic='$Topic$' AND AffiliationID_Place_Affiliation.Affiliate='$Affiliate$';
Display the authors who on the field Machine Translation and are from affiliate '$Affiliate$'.,SELECT DISTINCT AuthID_Name.Name FROM AuthID_AffiliationID JOIN AuthID_FieldID ON AuthID_AffiliationID.AuthID=AuthID_FieldID.AuthID) JOIN FieldID_Topic ON AuthID_FieldID.FieldID=FieldID_Topic.FieldID JOIN AffiliationID_Place_Affiliation ON AffiliationID_Place_Affiliation.AffiliationID=AuthID_AffiliationID.AffiliationID JOIN AuthID_Name ON AuthID_Name.AuthID=AuthID_AffiliationID.AuthID WHERE FieldID_Topic.Topic='Machine Translation' AND AffiliationID_Place_Affiliation.Affiliate='$Affiliate$';
Give the authors who on the field '$Topic$' and are from affiliate in the place $Place$.,SELECT DISTINCT AuthID_Name.Name FROM AuthID_AffiliationID JOIN AuthID_FieldID ON AuthID_AffiliationID.AuthID=AuthID_FieldID.AuthID) JOIN FieldID_Topic ON AuthID_FieldID.FieldID=FieldID_Topic.FieldID JOIN AffiliationID_Place_Affiliation ON AffiliationID_Place_Affiliation.AffiliationID=AuthID_AffiliationID.AffiliationID JOIN AuthID_Name ON AuthID_Name.AuthID=AuthID_AffiliationID.AuthID WHERE FieldID_Topic.Topic='$Topic$' AND AffiliationID_Place_Affiliation.Place='$Place$';
Show the title of the papers along with their summaries.,"SELECT DISTINCT PaperID_Title.Title,PaperID_Summary.Summary FROM PaperID_Title JOIN PaperID_Summary ON PaperID_Title.PaperID=PaperID_Summary.PaperID"
Give the Author IDs along with the title of their research papers.,"SELECT DISTINCT PaperID_AuthID.AuthID,PaperID_Title.Title FROM PaperID_AuthID JOIN PaperID_Title ON PaperID_Title.PaperID=PaperID_AuthID.PaperID"
Display the title of the papers published by the author with the Author ID '$AuthID$'.,SELECT DISTINCT PaperID_Title.Title FROM PaperID_AuthID JOIN PaperID_Title ON PaperID_Title.PaperID=PaperID_AuthID.PaperID WHERE PaperID_AuthID.AuthID='$AuthID$'
Give the title of the papers published by '$Name$'.,SELECT DISTINCT PaperID_Title.Title FROM AuthID_Name JOIN PaperID_AuthID ON AuthID_Name.AuthID=PaperID_AuthID.AuthID JOIN PaperID_Title ON PaperID_Title.PaperID=PaperID_AuthID.PaperID WHERE AuthID_Name.Name='$Name$'
Show the titles along with the summaries of the papers published by '$Name$',"SELECT DISTINCT PaperID_Title.Title,PaperID_Summary.Summary FROM AuthID_Name JOIN PaperID_AuthID ON AuthID_Name.AuthID=PaperID_AuthID.AuthID JOIN PaperID_Title ON PaperID_Title.PaperID=PaperID_AuthID.PaperID JOIN PaperID_Summary ON PaperID_Summary.PaperID=PaperID_Title.PaperID WHERE AuthID_Name.Name='$Name$'"
Count the number of papers that were published by '$Name$'?,SELECT DISTINCT COUNT(*) FROM AuthID_Name JOIN PaperID_AuthID ON AuthID_Name.AuthID=PaperID_AuthID.AuthID JOIN PaperID_Title ON PaperID_Title.PaperID=PaperID_AuthID.PaperID WHERE AuthID_Name.Name='$Name$'
Name the author who published the paper with paper ID '$PaperID$'.,SELECT DISTINCT AuthID_Name.Name FROM AuthID_Name JOIN PaperID_AuthID ON AuthID_Name.AuthID=PaperID_AuthID.AuthID WHERE PaperID_AuthID.PaperID='$PaperID$'
Display the name of the authors working in the field with field ID '$FieldID$'.,SELECT DISTINCT AuthID_Name.Name FROM AuthID_FieldID JOIN AuthID_Name ON AuthID_FieldID.AuthID=AuthID_Name.AuthID WHERE AuthID_FieldID.FieldID='$FieldID$'
Give the field IDs of the papers published by '$Name$'.,SELECT DISTINCT AuthID_FieldID.FieldID FROM AuthID_FieldID JOIN AuthID_Name ON AuthID_FieldID.AuthID=AuthID_Name.AuthID WHERE AuthID_Name.Name='$Name$'
What are the field topics of the papers published by '$Name$' belong to?,SELECT DISTINCT FieldID_Topic.Topic FROM FieldID_Topic JOIN AuthID_FieldID ON FieldID_Topic.FieldID=AuthID_FieldID.FieldID JOIN AuthID_Name ON AuthID_FieldID.AuthID=AuthID_Name.AuthID WHERE AuthID_Name.Name='$Name$'
Show the title of the papers that come under the field topic '$Topic$'.,SELECT DISTINCT PaperID_Title.Title FROM PaperID_Title JOIN PaperID_AuthID ON PaperID_Title.PaperID=PaperID_AuthID.PaperID JOIN AuthID_FieldID ON PaperID_AuthID.AuthID=AuthID_FieldID.AuthID JOIN FieldID_Topic ON FieldID_Topic.FieldID=AuthID_FieldID.FieldID WHERE FieldID_Topic.Topic='$Topic$'
Count the number of papers that are published under the topic '$Topic$'?,SELECT DISTINCT COUNT(*) FROM PaperID_Title JOIN PaperID_AuthID ON PaperID_Title.PaperID=PaperID_AuthID.PaperID JOIN AuthID_FieldID ON PaperID_AuthID.AuthID=AuthID_FieldID.AuthID JOIN FieldID_Topic ON FieldID_Topic.FieldID=AuthID_FieldID.FieldID WHERE FieldID_Topic.Topic='$Topic$'
Count the number of authors who have published under the topic '$Topic$'?,SELECT DISTINCT COUNT(*) FROM AuthID_FieldID JOIN AuthID_Name ON AuthID_FieldID.AuthID=AuthID_Name.AuthID WHERE AuthID_FieldID.FieldID='$FieldID$'
Display the title of the papers that come under the field with field ID '$FieldID$'.,SELECT DISTINCT PaperID_Title.Title FROM PaperID_Title JOIN PaperID_AuthID ON PaperID_Title.PaperID=PaperID_AuthID.PaperID JOIN AuthID_FieldID ON PaperID_AuthID.AuthID=AuthID_FieldID.AuthID WHERE AuthID_FieldID.FieldID='$FieldID$'
Give the number of papers published under the field ID '$FieldID$'?,SELECT DISTINCT COUNT(*) FROM PaperID_Title JOIN PaperID_AuthID ON PaperID_Title.PaperID=PaperID_AuthID.PaperID JOIN AuthID_FieldID ON PaperID_AuthID.AuthID=AuthID_FieldID.AuthID WHERE AuthID_FieldID.FieldID='$FieldID$'
Display the name of the authors of papers with the field ID '$FieldID$'.,SELECT DISTINCT AuthID_Name.Name FROM AuthID_Name JOIN PaperID_AuthID ON AuthID_Name.AuthID=PaperID_AuthID.AuthID JOIN AuthID_FieldID ON PaperID_AuthID.AuthID=AuthID_FieldID.AuthID WHERE AuthID_FieldID.FieldID='$FieldID$'
Show the field topics that the paper with the ID '$PaperID$'.,SELECT DISTINCT FieldID_Topic.Topic FROM PaperID_AuthID JOIN AuthID_FieldID ON PaperID_AuthID.AuthID=AuthID_FieldID.AuthID JOIN FieldID_Topic ON AuthID_FieldID.FieldID=FieldID_Topic.FieldID WHERE PaperID='$PaperID$'
Give the Paper IDs that fall under the field ID '$FieldID$'.,SELECT DISTINCT PaperID_AuthID.PaperID FROM PaperID_AuthID JOIN AuthID_FieldID ON PaperID_AuthID.AuthID=AuthID_FieldID.AuthID WHERE AuthID_FieldID.FieldID='$FieldID$'
Count the number of the papers are published in the field with field ID '$FieldID$'?,SELECT DISTINCT COUNT(*) FROM PaperID_AuthID JOIN AuthID_FieldID ON PaperID_AuthID.AuthID=AuthID_FieldID.AuthID WHERE AuthID_FieldID.FieldID='$FieldID$'
Who wrote the paper with the title '$Title$'?,SELECT DISTINCT AuthID_Name.Name FROM AuthID_Name JOIN PaperID_AuthID ON PaperID_AuthID.AuthID=AuthID_Name.AuthID JOIN PaperID_Title on PaperID_AuthID.PaperID=PaperID_Title.PaperID WHERE PaperID_Title.Title='$Title$'
Show the summary of paper with title '$Title$',SELECT DISTINCT PaperID_Summary.Summary FROM PaperID_Summary JOIN PaperID_Title ON PaperID_Title.PaperID=PaperID_Summary.PaperID WHERE PaperID_Title.Title LIKE '$Title$'
What are the conferences ID held based on field '$Topic$'?,SELECT DISTINCT ConfID_Venue_Year.ConfID FROM ConfID_Venue_Year JOIN ConfID_FieldID ON ConfID_Venue_Year.ConfID=ConfID_FieldID.ConfID JOIN FieldID_Topic ON ConfID_FieldID.FieldID=FieldID_Topic.FieldID Where FieldID_Topic.Topic Like '$Topic$'
How many conferences were held based on field '$Topic$'?,SELECT DISTINCT COUNT(*) FROM ConfID_Venue_Year JOIN ConfID_FieldID ON ConfID_Venue_Year.ConfID=ConfID_FieldID.ConfID JOIN FieldID_Topic ON ConfID_FieldID.FieldID=FieldID_Topic.FieldID Where FieldID_Topic.Topic Like '$Topic$' 
Where was the paper with title '$Title$' was Published?,SELECT DISTINCT ConfID_Venue_Year.ConfID FROM ConfID_Venue_Year JOIN ConfID_PaperID ON ConfID_Venue_Year.ConfID=ConfID_PaperID.ConfID JOIN PaperID_Title ON ConfID_PaperID.PaperID=PaperID_Title.PaperID Where PaperID_Title.Title LIKE '$Title$' 
In which years were the conferences on the field '$Topic$' held?,SELECT DISTINCT ConfID_Venue_Year.Year FROM ConfID_Venue_Year JOIN ConfID_FieldID ON ConfID_Venue_Year.ConfID=ConfID_FieldID.ConfID JOIN FieldID_Topic ON ConfID_FieldID.FieldID=FieldID_Topic.FieldID Where FieldID_Topic.Topic Like '$Topic$'
In how many years were the conferences on field '$Topic$' held?,SELECT DISTINCT COUNT(*) FROM ConfID_Venue_Year JOIN ConfID_FieldID ON ConfID_Venue_Year.ConfID=ConfID_FieldID.ConfID JOIN FieldID_Topic ON ConfID_FieldID.FieldID=FieldID_Topic.FieldID Where FieldID_Topic.Topic ='$Topic$'
Display all the papers published in conference with ConfID '$ConfID$',SELECT DISTINCT PaperID_Title.PaperID FROM PaperID_Title JOIN ConfID_PaperID ON ConfID_PaperID.PaperID=PaperID_Title.PaperID JOIN ConfID_Venue_Year ON ConfID_Venue_Year.ConfID=ConfID_PaperID.ConfID WHERE ConfID_Venue_Year.ConfID ='$ConfID$' 
How many papers were published in conference with ConfID '$ConfID$',SELECT DISTINCT COUNT(*) FROM PaperID_Title JOIN ConfID_PaperID ON ConfID_PaperID.PaperID=PaperID_Title.PaperID JOIN ConfID_Venue_Year ON ConfID_Venue_Year.ConfID=ConfID_PaperID.ConfID WHERE ConfID_Venue_Year.ConfID = '$C-14$' 
Which papers were published in conferences at venue '$Venue$'?,SELECT DISTINCT PaperID_Title.PaperID FROM PaperID_Title JOIN ConfID_PaperID ON ConfID_PaperID.PaperID=PaperID_Title.PaperID JOIN ConfID_Venue_Year ON ConfID_Venue_Year.ConfID=ConfID_PaperID.ConfID WHERE ConfID_Venue_Year.Venue ='$Venue$' 
How many papers were published in conferences at venue '$Venue$'?,SELECT DISTINCT COUNT(*) FROM PaperID_Title JOIN ConfID_PaperID ON ConfID_PaperID.PaperID=PaperID_Title.PaperID JOIN ConfID_Venue_Year ON ConfID_Venue_Year.ConfID=ConfID_PaperID.ConfID WHERE ConfID_Venue_Year.Venue LIKE = $Venue$'
Display the fields corresponding to conference '$ConfID$',SELECT DISTINCT FieldID_Topic.Topic FROM FieldID_Topic JOIN ConfID_FieldID ON ConfID_FieldID.FieldID=FieldID_Topic.FieldID WHERE ConfID='$ConfID$' 
Which papers were released in year $Year$?,SELECT DISTINCT PaperID_Title.PaperID FROM PaperID_Title JOIN ConfID_PaperID ON ConfID_PaperID.PaperID=PaperID_Title.PaperID JOIN ConfID_Venue_Year ON ConfID_Venue_Year.ConfID=ConfID_PaperID.ConfID WHERE ConfID_Venue_Year.Year='$Year$' 
How many papers were released in year $Year$?,SELECT DISTINCT COUNT(*) FROM PaperID_Title JOIN ConfID_PaperID ON ConfID_PaperID.PaperID=PaperID_Title.PaperID JOIN ConfID_Venue_Year ON ConfID_Venue_Year.ConfID=ConfID_PaperID.ConfID WHERE ConfID_Venue_Year.Year='$Year$' 
Which papers were published in conferences at venue BEA in year $Year$?,SELECT DISTINCT PaperID_Title.PaperID FROM PaperID_Title JOIN ConfID_PaperID ON ConfID_PaperID.PaperID=PaperID_Title.PaperID JOIN ConfID_Venue_Year ON ConfID_Venue_Year.ConfID=ConfID_PaperID.ConfID WHERE ConfID_Venue_Year.Venue='BEA' AND ConfID_Venue_Year.Year='$Year$'
How many papers were published in conferences at venue '$Venue$' in year 2000?,SELECT DISTINCT COUNT(*) FROM PaperID_Title JOIN ConfID_PaperID ON ConfID_PaperID.PaperID=PaperID_Title.PaperID JOIN ConfID_Venue_Year ON ConfID_Venue_Year.ConfID=ConfID_PaperID.ConfID WHERE ConfID_Venue_Year.Venue='$Venue$' AND ConfID_Venue_Year.Year='2000'
Display all the conference ID on field '$Topic$' in year 2010.,SELECT DISTINCT ConfID_Venue_Year.ConfID FROM ConfID_Venue_Year JOIN ConfID_FieldID ON ConfID_Venue_Year.ConfID=ConfID_FieldID.ConfID JOIN FieldID_Topic ON ConfID_FieldID.FieldID=FieldID_Topic.FieldID Where FieldID_Topic.Topic Like '$Topic$' and ConfID_Venue_Year.Year='2010'
How many conferences were based on field 'Machine Translation' in year $Year$?,SELECT DISTINCT COUNT(*) FROM ConfID_Venue_Year JOIN ConfID_FieldID ON ConfID_Venue_Year.ConfID=ConfID_FieldID.ConfID JOIN FieldID_Topic ON ConfID_FieldID.FieldID=FieldID_Topic.FieldID Where FieldID_Topic.Topic Like 'Machine Translation' and ConfID_Venue_Year.Year='$Year$'
Show all the conference IDs on field '$Topic$' at venue SocialNLP,SELECT DISTINCT ConfID_Venue_Year.ConfID FROM ConfID_Venue_Year JOIN ConfID_FieldID ON ConfID_Venue_Year.ConfID=ConfID_FieldID.ConfID JOIN FieldID_Topic ON ConfID_FieldID.FieldID=FieldID_Topic.FieldID Where FieldID_Topic.Topic Like '$Topic$' and ConfID_Venue_Year.Venue='SocialNLP'
How many conferences were based on field '$Topic$' at venue Workshop On Parsing Technology?,SELECT DISTINCT COUNT(*) FROM ConfID_Venue_Year JOIN ConfID_FieldID ON ConfID_Venue_Year.ConfID=ConfID_FieldID.ConfID JOIN FieldID_Topic ON ConfID_FieldID.FieldID=FieldID_Topic.FieldID Where FieldID_Topic.Topic = 'Workshop On Parsing Technology' and ConfID_Venue_Year.Venue='$Venue$'
Name the author who published the paper with title '$Title$'.,SELECT DISTINCT AuthID_Name.Name FROM AuthID_Name JOIN PaperID_AuthID ON PaperID_AuthID.AuthID=AuthID_Name.AuthID JOIN PaperID_Title on PaperID_AuthID.PaperID=PaperID_Title.PaperID WHERE PaperID_Title.Title='$Title$'
Count the number of authors published the paper with title '$Title$'?,SELECT DISTINCT COUNT(*) FROM AuthID_Name JOIN PaperID_AuthID ON PaperID_AuthID.AuthID=AuthID_Name.AuthID JOIN PaperID_Title on PaperID_AuthID.PaperID=PaperID_Title.PaperID WHERE PaperID_Title.Title='$Title$'
What are the fields of paper with title '$Topic$'?,SELECT DISTINCT FieldID_Topic.Topic FROM FieldID_Topic JOIN PaperID_FieldID ON FieldID_Topic.FieldID=PaperID_FieldID.FieldID JOIN PaperID_Title on PaperID_FieldID.PaperID=PaperID_Title.PaperID WHERE PaperID_Title.Title='$Title$'
What is the number of fields of paper with title '$Topic$'?,SELECT DISTINCT COUNT(*) FROM FieldID_Topic JOIN PaperID_FieldID ON FieldID_Topic.FieldID=PaperID_FieldID.FieldID JOIN PaperID_Title on PaperID_FieldID.PaperID=PaperID_Title.PaperID WHERE PaperID_Title.Title='$Topic$'
What is the number of papers published on and after an year $Year$?,SELECT DISTINCT COUNT(*) FROM PaperID_Title JOIN ConfID_PaperID ON ConfID_PaperID.PaperID=PaperID_Title.PaperID JOIN ConfID_Venue_Year ON ConfID_Venue_Year.ConfID=ConfID_PaperID.ConfID WHERE ConfID_Venue_Year.Year='$Year$'
Show the papers published on and after an year $Year$,SELECT DISTINCT PaperID_Title.Title FROM PaperID_Title JOIN ConfID_PaperID ON ConfID_PaperID.PaperID=PaperID_Title.PaperID JOIN ConfID_Venue_Year ON ConfID_Venue_Year.ConfID=ConfID_PaperID.ConfID WHERE ConfID_Venue_Year.Year >= '$Year$'
Which papers were published in year $Year$?,SELECT DISTINCT PaperID_Title.Title FROM PaperID_Title JOIN ConfID_PaperID ON ConfID_PaperID.PaperID=PaperID_Title.PaperID JOIN ConfID_Venue_Year ON ConfID_Venue_Year.ConfID=ConfID_PaperID.ConfID WHERE ConfID_Venue_Year.Year='$Year$'
Give the number of papers published in the year $Year$,SELECT DISTINCT COUNT(*) FROM PaperID_Title JOIN ConfID_PaperID ON ConfID_PaperID.PaperID=PaperID_Title.PaperID JOIN ConfID_Venue_Year ON ConfID_Venue_Year.ConfID=ConfID_PaperID.ConfID WHERE ConfID_Venue_Year.Year='$Year$'
Display the ConfID of the paper with paper ID='$PaperID$',SELECT DISTINCT ConfID_Venue_Year.ConfID FROM ConfID_Venue_Year JOIN ConfID_PaperID ON ConfID_PaperID.ConfID=ConfID_Venue_Year.ConfID JOIN PaperID_Title ON ConfID_PaperID.PaperID=PaperID_Title.PaperID WHERE PaperID_Title.PaperID='$PaperID$'
In which year with paper with paper ID equals '$PaperID$' published?,SELECT DISTINCT ConfID_Venue_Year.Year FROM ConfID_Venue_Year JOIN ConfID_PaperID ON ConfID_PaperID.ConfID=ConfID_Venue_Year.ConfID JOIN PaperID_Title ON ConfID_PaperID.PaperID=PaperID_Title.PaperID WHERE PaperID_Title.PaperID='$PaperID$'
What was the venue of the paper with paper ID equals '$PaperID$' published?,SELECT DISTINCT ConfID_Venue_Year.Venue FROM ConfID_Venue_Year JOIN ConfID_PaperID ON ConfID_PaperID.ConfID=ConfID_Venue_Year.ConfID JOIN PaperID_Title ON ConfID_PaperID.PaperID=PaperID_Title.PaperID WHERE PaperID_Title.PaperID='$PaperID$'
What was the venue and the year of the paper with paper ID equals '$PaperID$'?,"SELECT DISTINCT ConfID_Venue_Year.Venue,ConfID_Venue_Year.Year FROM ConfID_Venue_Year JOIN ConfID_PaperID ON ConfID_PaperID.ConfID=ConfID_Venue_Year.ConfID JOIN PaperID_Title ON ConfID_PaperID.PaperID=PaperID_Title.PaperID WHERE PaperID_Title.PaperID='$PaperID$'"
What was the year of publishing the paper '$Title$'?,SELECT DISTINCT ConfID_Venue_Year.Year FROM ConfID_Venue_Year JOIN ConfID_PaperID ON ConfID_PaperID.ConfID=ConfID_Venue_Year.ConfID JOIN PaperID_Title ON ConfID_PaperID.PaperID=PaperID_Title.PaperID WHERE PaperID_Title.Title='$Title$'
What was the name of the place where paper '$Title$' published?,SELECT DISTINCT ConfID_Venue_Year.Venue FROM ConfID_Venue_Year JOIN ConfID_PaperID ON ConfID_PaperID.ConfID=ConfID_Venue_Year.ConfID JOIN PaperID_Title ON ConfID_PaperID.PaperID=PaperID_Title.PaperID WHERE PaperID_Title.Title='$Title$'
Give the place and year of the paper '$Title$',"SELECT DISTINCT ConfID_Venue_Year.Venue,ConfID_Venue_Year.Year FROM ConfID_Venue_Year JOIN ConfID_PaperID ON ConfID_PaperID.ConfID=ConfID_Venue_Year.ConfID JOIN PaperID_Title ON ConfID_PaperID.PaperID=PaperID_Title.PaperID WHERE PaperID_Title.Title='$Topic$'"
What is the ConfID of the paper '$Title$',SELECT DISTINCT ConfID_Venue_Year.ConfID FROM ConfID_Venue_Year JOIN ConfID_PaperID ON ConfID_PaperID.ConfID=ConfID_Venue_Year.ConfID JOIN PaperID_Title ON ConfID_PaperID.PaperID=PaperID_Title.PaperID WHERE PaperID_Title.Title='$Topic$'
Display all the papers published in the year $Year$ at 'SocialNLP',SELECT DISTINCT PaperID_Title.Title FROM PaperID_Title JOIN ConfID_PaperID ON ConfID_PaperID.PaperID=PaperID_Title.PaperID JOIN ConfID_Venue_Year ON ConfID_Venue_Year.ConfID=ConfID_PaperID.ConfID WHERE ConfID_Venue_Year.Year='$Year$' AND ConfID_Venue_Year.Venue='SocialNLP'
Give the numbers of papers published in the year $Year$ at 'SocialNLP',SELECT DISTINCT COUNT(*) FROM PaperID_Title JOIN ConfID_PaperID ON ConfID_PaperID.PaperID=PaperID_Title.PaperID JOIN ConfID_Venue_Year ON ConfID_Venue_Year.ConfID=ConfID_PaperID.ConfID WHERE ConfID_Venue_Year.Year='$Year$' AND ConfID_Venue_Year.Venue='SocialNLP'
Display all the papers published on and after year $Year$ at 'Workshop On Parsing Technology',SELECT DISTINCT PaperID_Title.Title FROM PaperID_Title JOIN ConfID_PaperID ON ConfID_PaperID.PaperID=PaperID_Title.PaperID JOIN ConfID_Venue_Year ON ConfID_Venue_Year.ConfID=ConfID_PaperID.ConfID WHERE ConfID_Venue_Year.Year >= '$Year$' AND ConfID_Venue_Year.Venue='Workshop On Parsing Technology'
Display all the title of the papers published after year $Year$ at 'Workshop On Parsing Technology',SELECT DISTINCT PaperID_Title.Title FROM PaperID_Title JOIN ConfID_PaperID ON ConfID_PaperID.PaperID=PaperID_Title.PaperID JOIN ConfID_Venue_Year ON ConfID_Venue_Year.ConfID=ConfID_PaperID.ConfID WHERE ConfID_Venue_Year.Year > '$Year$' AND ConfID_Venue_Year.Venue='Workshop On Parsing Technology'
Display all the conference venue on field 'SocialNLP' in year $Year$,SELECT DISTINCT ConfID_Venue_Year.Venue FROM ConfID_Venue_Year JOIN ConfID_FieldID ON ConfID_Venue_Year.ConfID=ConfID_FieldID.ConfID JOIN FieldID_Topic ON ConfID_FieldID.FieldID=FieldID_Topic.FieldID Where FieldID_Topic.Topic Like 'SocialNLP' and ConfID_Venue_Year.Year='$Year$'